<collection xmlns="http://exist.sourceforge.net/NS/exist" name="/db/apps/eXist-book/getting-started" owner="admin" group="dba" mode="775" created="2013-04-23T12:32:05+02:00" version="1">
    <acl entries="0" version="1"/>
    <resource type="XMLResource" name="xinclude-envelope.xml" owner="admin" group="dba" mode="664" created="2013-04-23T12:32:05+02:00" modified="2013-04-23T12:32:05+02:00" filename="xinclude-envelope.xml" mimetype="application/xml">
        <acl entries="0" version="1"/>
    </resource>
    <resource type="XMLResource" name="convert-items.xsl" owner="admin" group="dba" mode="664" created="2013-11-14T10:29:03+01:00" modified="2013-11-14T10:29:03+01:00" filename="convert-items.xsl" mimetype="application/xslt+xml">
        <acl entries="0" version="1"/>
    </resource>
    <resource type="XMLResource" name="examples-contents.xml" owner="admin" group="dba" mode="664" created="2013-04-23T12:32:05+02:00" modified="2013-04-23T12:32:05+02:00" filename="examples-contents.xml" mimetype="application/xml">
        <acl entries="0" version="1"/>
    </resource>
    <resource type="BinaryResource" name="hello-world-1.xql" owner="admin" group="dba" mode="775" created="2013-04-23T12:32:05+02:00" modified="2013-04-23T12:32:05+02:00" filename="hello-world-1.xql" mimetype="application/xquery">
        <acl entries="0" version="1"/>
    </resource>
    <resource type="BinaryResource" name="hello-world-2.xql" owner="admin" group="dba" mode="775" created="2013-04-23T12:32:05+02:00" modified="2013-11-14T10:21:07+01:00" filename="hello-world-2.xql" mimetype="application/xquery">
        <acl entries="0" version="1"/>
    </resource>
    <resource type="XMLResource" name="hello-xforms.html" owner="admin" group="dba" mode="664" created="2013-04-23T12:32:05+02:00" modified="2013-04-23T12:32:05+02:00" filename="hello-xforms.html" mimetype="text/html">
        <acl entries="0" version="1"/>
    </resource>
    <resource type="BinaryResource" name="transform-xsl.xql" owner="admin" group="dba" mode="775" created="2013-04-23T12:32:05+02:00" modified="2013-04-23T12:32:05+02:00" filename="transform-xsl.xql" mimetype="application/xquery">
        <acl entries="0" version="1"/>
    </resource>
    <resource type="XMLResource" name="xinclude-content.xml" owner="admin" group="dba" mode="664" created="2013-04-23T12:32:05+02:00" modified="2013-04-23T12:32:05+02:00" filename="xinclude-content.xml" mimetype="application/xml">
        <acl entries="0" version="1"/>
    </resource>
    <resource type="XMLResource" name="xml-example.xml" owner="admin" group="dba" mode="664" created="2013-04-23T12:32:05+02:00" modified="2013-04-23T12:32:05+02:00" filename="xml-example.xml" mimetype="application/xml">
        <acl entries="0" version="1"/>
    </resource>
    <resource type="BinaryResource" name="hello-xforms-submit.xql" owner="admin" group="dba" mode="775" created="2013-04-23T12:32:05+02:00" modified="2013-04-23T12:32:05+02:00" filename="hello-xforms-submit.xql" mimetype="application/xquery">
        <acl entries="0" version="1"/>
    </resource>
</collection>