<collection xmlns="http://exist.sourceforge.net/NS/exist" name="/db/apps/eXist-book/xquery" owner="admin" group="dba" mode="775" created="2013-04-23T12:32:05+02:00" version="1">
    <acl entries="0" version="1"/>
    <resource type="BinaryResource" name="xqdoc-example.xqm" owner="admin" group="dba" mode="775" created="2013-04-23T12:32:05+02:00" modified="2013-04-23T12:32:05+02:00" filename="xqdoc-example.xqm" mimetype="application/xquery">
        <acl entries="0" version="1"/>
    </resource>
    <resource type="BinaryResource" name="java-binding-example-2.xql" owner="admin" group="dba" mode="775" created="2013-04-23T12:32:05+02:00" modified="2013-04-23T12:32:05+02:00" filename="java-binding-example-2.xql" mimetype="application/xquery">
        <acl entries="0" version="1"/>
    </resource>
    <resource type="XMLResource" name="examples-contents.xml" owner="admin" group="dba" mode="664" created="2013-04-23T12:32:05+02:00" modified="2013-04-23T12:32:05+02:00" filename="examples-contents.xml" mimetype="application/xml">
        <acl entries="0" version="1"/>
    </resource>
    <resource type="BinaryResource" name="group-by-example.xql" owner="admin" group="dba" mode="775" created="2013-04-23T12:32:05+02:00" modified="2013-04-23T12:32:05+02:00" filename="group-by-example.xql" mimetype="application/xquery">
        <acl entries="0" version="1"/>
    </resource>
    <resource type="BinaryResource" name="java-binding-example-1.xql" owner="admin" group="dba" mode="775" created="2013-04-23T12:32:05+02:00" modified="2013-04-23T12:32:05+02:00" filename="java-binding-example-1.xql" mimetype="application/xquery">
        <acl entries="0" version="1"/>
    </resource>
    <resource type="BinaryResource" name="json-serialization.xql" owner="admin" group="dba" mode="775" created="2013-04-23T12:32:05+02:00" modified="2013-04-23T12:32:05+02:00" filename="json-serialization.xql" mimetype="application/xquery">
        <acl entries="0" version="1"/>
    </resource>
    <resource type="BinaryResource" name="map-example.xql" owner="admin" group="dba" mode="775" created="2013-04-23T12:32:05+02:00" modified="2013-04-23T12:32:05+02:00" filename="map-example.xql" mimetype="application/xquery">
        <acl entries="0" version="1"/>
    </resource>
    <resource type="XMLResource" name="node-id-example.xml" owner="admin" group="dba" mode="664" created="2013-04-23T12:32:05+02:00" modified="2013-04-23T12:32:05+02:00" filename="node-id-example.xml" mimetype="application/xml">
        <acl entries="0" version="1"/>
    </resource>
    <resource type="BinaryResource" name="node-id-example.xql" owner="admin" group="dba" mode="775" created="2013-04-23T12:32:05+02:00" modified="2013-04-23T12:32:05+02:00" filename="node-id-example.xql" mimetype="application/xquery">
        <acl entries="0" version="1"/>
    </resource>
    <resource type="BinaryResource" name="xqdoc-example.xql" owner="admin" group="dba" mode="775" created="2013-04-23T12:32:05+02:00" modified="2013-04-23T12:32:05+02:00" filename="xqdoc-example.xql" mimetype="application/xquery">
        <acl entries="0" version="1"/>
    </resource>
</collection>