<eXistBookExamplesContents chapter="5"><Title>XQuery for eXist</Title>
  <!-- --><Example href="group-by-example.xql"><Title>Group by clause example</Title></Example>
  <!-- --><Example href="java-binding-example-1.xql"><Title>Java binding example 1 - Basics</Title><Description>If you get an error about the java binding not enabled: Edit $EXIST_HOME/conf.xml,
      set the xquery/@enable-java-binding attribute to "yes" and restart eXist.</Description></Example>
  <!-- --><Example href="java-binding-example-2.xql"><Title>Java binding example 2 - List files in $EXIST_HOME</Title><Description>If you get an error about the java binding not enabled: Edit $EXIST_HOME/conf.xml,
      set the xquery/@enable-java-binding attribute to "yes" and restart eXist.</Description></Example>
  <!-- --><Example href="map-example.xql"><Title>Very simple example of using a map data structure</Title></Example>
  <!-- --><Example href="json-serialization.xql"><Title>JSON Serialization example</Title></Example>
  <!-- --><Example href="node-id-example.xql"><Title>Show the effect of the add-exist-id serialization option</Title><AdditionalSource href="node-id-example.xml"/></Example>
  <!-- --><Example href="xqdoc-example.xql"><Title>Example of xqDoc XML for a module</Title><AdditionalSource href="xqdoc-example.xqm"/></Example>
  <!-- --></eXistBookExamplesContents>