<collection xmlns="http://exist.sourceforge.net/NS/exist" name="/db/apps/eXist-book/extension-modules" owner="admin" group="dba" mode="775" created="2013-04-23T12:32:05+02:00" version="1">
    <acl entries="0" version="1"/>
    <resource type="BinaryResource" name="test-image.xql" owner="admin" group="dba" mode="775" created="2013-04-23T12:32:05+02:00" modified="2013-04-23T12:32:05+02:00" filename="test-image.xql" mimetype="application/xquery">
        <acl entries="0" version="1"/>
    </resource>
    <resource type="XMLResource" name="examples-contents.xml" owner="admin" group="dba" mode="664" created="2013-04-23T12:32:05+02:00" modified="2013-04-23T12:32:05+02:00" filename="examples-contents.xml" mimetype="application/xml">
        <acl entries="0" version="1"/>
    </resource>
    <resource type="BinaryResource" name="demo-zip.xql" owner="admin" group="dba" mode="775" created="2013-04-23T12:32:05+02:00" modified="2013-04-23T12:32:05+02:00" filename="demo-zip.xql" mimetype="application/xquery">
        <acl entries="0" version="1"/>
    </resource>
    <resource type="BinaryResource" name="test-http-client.xql" owner="admin" group="dba" mode="775" created="2013-04-23T12:32:05+02:00" modified="2013-04-23T12:32:05+02:00" filename="test-http-client.xql" mimetype="application/xquery">
        <acl entries="0" version="1"/>
    </resource>
    <resource type="BinaryResource" name="do-scheduled-job.xql" owner="admin" group="dba" mode="775" created="2013-04-23T12:32:05+02:00" modified="2013-04-23T12:32:05+02:00" filename="do-scheduled-job.xql" mimetype="application/xquery">
        <acl entries="0" version="1"/>
    </resource>
    <resource type="BinaryResource" name="do-send-mail.xql" owner="admin" group="dba" mode="775" created="2013-04-23T12:32:05+02:00" modified="2013-04-23T12:32:05+02:00" filename="do-send-mail.xql" mimetype="application/xquery">
        <acl entries="0" version="1"/>
    </resource>
    <resource type="BinaryResource" name="cache-example.xql" owner="admin" group="dba" mode="775" created="2013-04-23T12:32:05+02:00" modified="2013-04-23T12:32:05+02:00" filename="cache-example.xql" mimetype="application/xquery">
        <acl entries="0" version="1"/>
    </resource>
    <resource type="BinaryResource" name="send-mail.xql" owner="admin" group="dba" mode="775" created="2013-04-23T12:32:05+02:00" modified="2013-04-23T12:32:05+02:00" filename="send-mail.xql" mimetype="application/xquery">
        <acl entries="0" version="1"/>
    </resource>
    <resource type="BinaryResource" name="start-scheduled-job.xql" owner="admin" group="dba" mode="775" created="2013-04-23T12:32:05+02:00" modified="2013-04-23T12:32:05+02:00" filename="start-scheduled-job.xql" mimetype="application/xquery">
        <acl entries="0" version="1"/>
    </resource>
    <resource type="XMLResource" name="sort-node-set.xml" owner="admin" group="dba" mode="664" created="2013-04-23T12:32:05+02:00" modified="2013-04-23T12:32:05+02:00" filename="sort-node-set.xml" mimetype="application/xml">
        <acl entries="0" version="1"/>
    </resource>
    <resource type="BinaryResource" name="sort-example.xql" owner="admin" group="dba" mode="775" created="2013-04-23T12:32:05+02:00" modified="2013-04-23T12:32:05+02:00" filename="sort-example.xql" mimetype="application/xquery">
        <acl entries="0" version="1"/>
    </resource>
    <resource type="BinaryResource" name="test-contentextraction.xql" owner="admin" group="dba" mode="775" created="2013-04-23T12:32:05+02:00" modified="2013-04-23T12:32:05+02:00" filename="test-contentextraction.xql" mimetype="application/xquery">
        <acl entries="0" version="1"/>
    </resource>
    <subcollection name="data" filename="data"/>
</collection>