<collection xmlns="http://exist.sourceforge.net/NS/exist" name="/db/apps/eXist-book/building-applications" owner="admin" group="dba" mode="775" created="2013-04-23T12:32:05+02:00" version="1">
    <acl entries="0" version="1"/>
    <resource type="BinaryResource" name="download.xql" owner="admin" group="dba" mode="775" created="2013-04-23T12:32:05+02:00" modified="2013-04-23T12:32:05+02:00" filename="download.xql" mimetype="application/xquery">
        <acl entries="0" version="1"/>
    </resource>
    <resource type="XMLResource" name="examples-contents.xml" owner="admin" group="dba" mode="664" created="2013-04-23T12:32:05+02:00" modified="2013-04-23T12:32:05+02:00" filename="examples-contents.xml" mimetype="application/xml">
        <acl entries="0" version="1"/>
    </resource>
    <subcollection name="upload" filename="upload"/>
    <subcollection name="show-controller-variables" filename="show-controller-variables"/>
    <subcollection name="mini-application" filename="mini-application"/>
    <subcollection name="views" filename="views"/>
</collection>