<collection xmlns="http://exist.sourceforge.net/NS/exist" name="/db/apps/eXist-book/book-browser" owner="admin" group="dba" mode="775" created="2013-04-23T12:32:04+02:00" version="1">
    <acl entries="0" version="1"/>
    <resource type="XMLResource" name="examples-contents.xsd" owner="admin" group="dba" mode="664" created="2013-04-23T12:32:05+02:00" modified="2013-04-23T12:32:05+02:00" filename="examples-contents.xsd" mimetype="application/xml">
        <acl entries="0" version="1"/>
    </resource>
    <resource type="BinaryResource" name="view-source.xql" owner="admin" group="dba" mode="775" created="2013-04-23T12:32:05+02:00" modified="2013-04-23T12:32:05+02:00" filename="view-source.xql" mimetype="application/xquery">
        <acl entries="0" version="1"/>
    </resource>
    <resource type="BinaryResource" name="book-browser.xqm" owner="admin" group="dba" mode="775" created="2013-04-23T12:32:04+02:00" modified="2013-04-23T12:32:04+02:00" filename="book-browser.xqm" mimetype="application/xquery">
        <acl entries="0" version="1"/>
    </resource>
    <resource type="BinaryResource" name="browse.xql" owner="admin" group="dba" mode="775" created="2013-04-23T12:32:04+02:00" modified="2013-04-23T12:32:04+02:00" filename="browse.xql" mimetype="application/xquery">
        <acl entries="0" version="1"/>
    </resource>
    <resource type="BinaryResource" name="book-cover.png" owner="admin" group="dba" mode="664" created="2013-04-23T12:32:04+02:00" modified="2013-04-23T12:32:04+02:00" filename="book-cover.png" mimetype="image/png">
        <acl entries="0" version="1"/>
    </resource>
</collection>