<collection xmlns="http://exist.sourceforge.net/NS/exist" name="/db/apps/eXist-book" owner="admin" group="dba" mode="775" created="2013-04-23T12:32:04+02:00" version="1">
    <acl entries="0" version="1"/>
    <resource type="XMLResource" name="expath-pkg.xml" owner="admin" group="dba" mode="664" created="2013-04-23T12:32:04+02:00" modified="2013-04-23T12:32:04+02:00" filename="expath-pkg.xml" mimetype="application/xml">
        <acl entries="0" version="1"/>
    </resource>
    <resource type="BinaryResource" name="post-install.xql" owner="admin" group="dba" mode="775" created="2013-04-23T12:32:04+02:00" modified="2013-04-23T12:32:04+02:00" filename="post-install.xql" mimetype="application/xquery">
        <acl entries="0" version="1"/>
    </resource>
    <resource type="XMLResource" name="repo.xml" owner="admin" group="dba" mode="664" created="2013-04-23T12:32:11+02:00" modified="2013-04-23T12:32:11+02:00" filename="repo.xml" mimetype="application/xml">
        <acl entries="0" version="1"/>
    </resource>
    <resource type="XMLResource" name="XdbExtract.xconf" owner="admin" group="dba" mode="664" created="2013-04-23T12:32:04+02:00" modified="2013-04-23T12:32:04+02:00" filename="XdbExtract.xconf" mimetype="application/xml">
        <acl entries="0" version="1"/>
    </resource>
    <resource type="BinaryResource" name="controller.xql" owner="admin" group="dba" mode="775" created="2013-04-23T12:32:04+02:00" modified="2013-04-23T12:32:04+02:00" filename="controller.xql" mimetype="application/xquery">
        <acl entries="0" version="1"/>
    </resource>
    <subcollection name="other-xml-technologies" filename="other-xml-technologies"/>
    <subcollection name="building-applications" filename="building-applications"/>
    <subcollection name="tools" filename="tools"/>
    <subcollection name="extension-modules" filename="extension-modules"/>
    <subcollection name="indexing" filename="indexing"/>
    <subcollection name="xquery" filename="xquery"/>
    <subcollection name="getting-started" filename="getting-started"/>
    <subcollection name="data" filename="data"/>
    <subcollection name="installer" filename="installer"/>
    <subcollection name="book-browser" filename="book-browser"/>
    <subcollection name="working-with-the-database" filename="working-with-the-database"/>
</collection>